divisionId,teamId,managerId,employeeId,firstName,lastName,birthdate
7,6,2,597,Terrill,Lindgren,1956-7-21
7,10,2,632,Cecile,Mante,1955-3-11
6,2,1,489,Audreanne,Labadie,1964-4-5
9,9,1,859,Vinnie,Mann,1974-11-20
7,7,1,607,Cecilia,Kunde,1997-7-18
2,9,2,134,Taryn,Bednar,1970-5-8
9,9,2,865,Helmer,Littel,1964-2-19
11,4,1,1071,Declan,Bailey,1972-8-7
5,8,1,476,Gladyce,Mills,1988-12-15
12,3,1,1157,Cyrus,Tillman,1980-2-19
7,12,2,651,Camryn,Ernser,1965-11-17
6,4,1,515,Kadin,Wehner,1989-11-5
7,4,1,570,Kirk,Rowe,1966-1-26
10,6,1,993,Ashlee,Wuckert,1956-1-9
13,2,2,1183,Anibal,Botsford,1972-7-25
7,6,2,598,Roscoe,Corkery,1954-5-16
10,7,1,1008,Branson,Hammes,1983-5-2
14,9,1,1308,Favian,Skiles,1981-9-13
14,10,1,1331,Kaelyn,Rosenbaum,1956-8-22
8,9,1,765,Shea,Osinski,1964-3-5
7,6,2,594,Helena,Lesch,1957-10-26
9,9,2,864,Orrin,Stiedemann,1951-10-19
5,8,1,475,Vivien,Kemmer,1981-7-20
5,3,1,432,Genoveva,Kassulke,1987-5-27
8,5,2,745,Verdie,Gerhold,1988-6-25
1,5,2,15,Stefan,Stokes,1978-11-24
8,4,1,731,Tyrel,McDermott,1992-12-9
2,10,1,139,Rickey,Hodkiewicz,1968-1-24
10,8,1,1017,Gianni,Morissette,1992-8-23
14,11,2,1342,Uriel,Halvorson,1965-9-9
7,10,2,630,Robert,Johnston,1955-10-27
14,12,2,1366,Rene,Carter,1988-9-23
2,1,1,51,Maggie,O'Kon,1998-5-22
2,11,1,156,Jerod,Walker,1971-8-3
13,2,1,1174,Margarette,Jacobi,1955-8-10
3,12,1,301,Cleo,Hudson,1989-1-28
2,13,1,183,Jaquan,Skiles,1957-9-10
9,13,1,904,Elfrieda,Langworth,1953-10-18
5,7,1,461,Torrey,Gislason,1998-1-23
2,7,1,102,Demond,Herman,1950-7-3
11,3,1,1057,Gracie,Rau,1957-6-9
14,7,1,1290,Ollie,Bogan,1951-10-4
7,8,1,610,Rahul,Spencer,1981-10-3
8,5,2,742,Bell,Orn,1963-8-19
8,6,1,752,Alisa,Corwin,1969-11-4
3,2,1,198,Angelina,Corwin,1969-2-2
3,5,2,243,Rigoberto,Runolfsson,1971-1-21
9,16,1,934,Elise,Hegmann,1964-2-5
9,17,1,935,Richmond,Cormier,1980-1-6
14,5,2,1273,Eino,O'Conner,1969-8-24
13,7,1,1214,Kathryn,Kub,1966-1-6
5,7,2,470,Golden,Reichert,1952-9-10
2,1,1,57,Dejah,Schaefer,1975-2-5
2,7,1,101,Ronny,McCullough,1994-6-2
10,6,2,1001,Nikki,Runolfsson,1961-10-5
8,4,1,730,Wayne,Ward,1997-4-9
7,3,1,569,Vivian,Muller,1969-7-31
5,6,1,450,Juvenal,Schmidt,1973-8-5
14,5,2,1274,Orrin,O'Keefe,1981-12-13
14,9,1,1313,Jazlyn,Walter,1992-4-13
1,4,1,7,Darwin,Collins,1975-4-11
9,13,1,901,Margarita,Spinka,1972-5-4
10,2,1,954,Stephen,Schmitt,1980-2-5
2,7,1,104,Westley,Swift,1989-10-19
3,14,1,321,Emelie,Simonis,1951-5-29
11,11,2,1126,Clement,Lemke,1990-10-20
7,14,2,680,Millie,Haag,1979-8-23
2,1,1,56,Marcelino,Will,1987-10-29
14,7,1,1288,Cheyanne,Labadie,1954-7-20
4,3,2,386,Owen,Turner,1986-2-7
3,1,1,193,Lynn,Huel,1963-8-17
14,11,2,1345,Evangeline,Becker,1995-10-9
6,6,1,535,Bridget,Rath,1959-9-12
3,10,1,277,Rodolfo,O'Kon,1951-3-30
12,2,1,1153,Vincent,Collins,1991-8-17
12,1,2,1145,Coralie,Olson,1956-9-14
9,16,1,933,Annabell,Wehner,1965-5-25
7,12,2,649,Davonte,Kohler,1970-6-30
2,12,1,170,Laury,Muller,1968-12-16
7,9,2,622,Norval,Gusikowski,1967-5-18
2,12,1,173,Jena,Conn,1999-5-23
11,3,1,1056,Kamren,Koch,1960-3-24
14,1,1,1242,Mckenna,Graham,1958-6-20
12,3,1,1155,Raegan,Doyle,1996-12-9
9,17,1,939,Lazaro,Swaniawski,1981-8-16
10,4,2,974,Astrid,Rath,1998-9-19
3,4,1,215,Scarlett,Watsica,1987-5-27
5,1,1,400,Jenifer,Stokes,1969-5-16
12,3,2,1164,Kobe,Wisozk,1958-3-24
8,11,1,788,Margret,Zemlak,1993-8-20
9,15,1,920,Sister,Braun,1960-11-9
5,1,1,402,Daniela,Pollich,1968-11-11
9,4,2,820,Cornell,Robel,1952-4-9
3,4,2,227,Marion,Flatley,1997-11-13
1,4,1,3,Arvel,Runolfsdottir,1954-9-5
6,3,1,498,Jazmyn,Hartmann,1986-9-4
5,3,1,433,Cloyd,Botsford,1995-12-23
9,16,1,932,Jerrell,Moore,1972-12-3
11,4,1,1072,Jefferey,Goldner,1984-5-3
14,5,1,1267,Nicolas,Davis,1988-2-5
14,7,1,1291,Demarco,Rolfson,1980-1-3
6,1,1,483,Katelin,Hintz,1955-3-2
14,11,1,1339,Jennings,Schowalter,1985-8-6
12,3,2,1159,Kamryn,Wyman,1998-8-17
3,1,1,187,Tremayne,Cummings,1998-1-14
3,13,1,316,D'angelo,Morar,1990-10-20
3,16,1,346,Marian,Mante,1955-2-27
7,13,1,664,Audreanne,Schoen,1987-9-16
14,2,1,1245,Rylan,Conroy,1951-6-8
5,3,1,429,Leola,Hansen,1997-5-6
10,6,1,991,Ahmad,Schinner,1966-2-11
6,6,1,536,Irma,Osinski,1988-11-29
13,2,1,1173,Sister,Heller,1984-9-13
10,8,1,1019,Margaret,Stokes,1960-8-8
14,11,2,1347,Noah,Brakus,1983-4-21
9,5,1,827,Christina,Feeney,1972-5-31
2,12,1,172,Elwyn,Upton,1971-11-9
2,10,1,143,Reva,Hand,1955-3-17
7,7,1,605,Evangeline,Schuster,1995-7-20
6,5,2,529,Albina,Koss,1981-2-12
7,16,1,698,Ronaldo,Rutherford,1983-11-22
9,12,2,899,Odessa,McClure,1958-6-5
3,4,2,219,Braulio,Gibson,1960-6-12
13,8,2,1232,Josiah,Reynolds,1963-7-30
3,5,1,229,Vidal,Schuppe,1963-2-12
2,1,1,50,Friedrich,Ortiz,1951-1-30
13,4,2,1199,Orin,Vandervort,1981-4-17
3,2,1,196,Chelsey,Boyer,1995-9-5
14,5,2,1276,Tracy,Leffler,1983-3-31
12,3,2,1161,Edythe,Sauer,1972-2-1
13,3,1,1186,Otilia,O'Reilly,1986-2-20
4,4,2,394,Taylor,Quitzon,1975-8-16
11,10,2,1112,Kayli,Mohr,1961-10-10
10,2,1,950,Tillman,Abshire,1972-11-11
13,3,2,1190,Nya,Klocko,1971-6-10
9,14,1,913,Pedro,D'Amore,1957-10-19
12,3,2,1165,Gunner,Hamill,1986-9-15
7,3,1,566,Bailey,Bayer,1965-2-7
3,15,1,339,Broderick,Hettinger,1998-6-18
14,10,1,1326,Carlos,Von,1978-10-21
3,16,2,349,Webster,Rodriguez,1987-7-2
3,16,1,348,Vallie,Wyman,1995-3-16
14,9,2,1318,Clifford,Leuschke,1959-8-30
7,8,1,612,Otto,Mante,1951-3-26
3,8,1,267,Kaleb,Rice,1963-12-25
9,17,1,942,Dave,Erdman,1968-5-23
14,4,1,1263,Lemuel,Osinski,1966-4-20
14,7,2,1292,Winnifred,Mraz,1964-11-29
11,9,1,1093,Ottilie,Gutmann,1990-11-2
9,3,1,797,Rocio,Fisher,1960-2-21
2,10,1,147,Tobin,Larkin,1987-12-27
11,3,1,1058,Brenden,Bechtelar,1981-8-2
13,8,1,1228,Irma,Bruen,1972-8-21
11,1,1,1043,Francisco,Hartmann,1967-6-4
4,3,1,377,Donato,Hyatt,1955-4-21
5,3,1,428,Alexanne,Parker,1965-1-9
11,1,1,1041,Eleanora,Littel,1985-4-19
7,14,1,674,Curt,Kshlerin,1996-12-2
11,10,2,1107,Yazmin,Williamson,1971-5-25
3,12,1,305,Bailee,Rodriguez,1965-5-14
11,2,1,1052,Mathew,McClure,1960-10-18
14,9,2,1317,Macie,Rath,1971-11-6
9,3,2,805,Joany,Sanford,1972-1-24
1,6,1,20,Manley,Bednar,1973-5-31
4,1,2,369,Twila,Stoltenberg,1981-8-8
1,3,2,1,Maeve,Corwin,1963-4-7
11,5,1,1075,Effie,Dooley,1997-6-28
14,4,1,1261,Whitney,Gibson,1982-8-16
2,8,1,117,Chris,Mann,1992-3-2
10,8,1,1014,Hans,Hauck,1953-10-29
10,5,1,979,Wilfredo,Kub,1993-1-9
5,6,1,446,Gabe,Walter,1954-9-23
3,2,1,197,Maxine,Oberbrunner,1996-8-8
9,12,1,888,Cecile,Adams,1963-7-23
2,11,1,153,Tyree,Lemke,1983-8-7
2,11,1,149,Mathew,Lehner,1967-12-3
1,5,1,11,Hipolito,Collins,1961-12-17
7,1,1,548,Assunta,Murazik,1993-5-27
1,7,1,31,Maye,Torphy,1956-12-11
8,9,1,767,Kamille,Kessler,1995-11-27
4,3,1,380,Derrick,Bergnaum,1996-4-20
11,9,2,1096,Hal,Price,1970-11-29
8,1,1,705,Jailyn,Predovic,1993-6-7
10,2,1,958,Jamaal,Buckridge,1997-4-12
14,1,1,1240,Dovie,Yundt,1995-8-17
8,8,1,760,Marisol,Beahan,1975-6-25
3,6,2,248,Jade,Haag,1950-10-21
13,8,1,1223,Gerry,Ziemann,1976-4-3
14,1,1,1237,Logan,Schneider,1977-5-31
7,16,1,700,Nikki,Daniel,1978-4-28
10,5,2,989,Art,Bernhard,1969-9-28
14,1,1,1234,Cassie,Aufderhar,1990-8-31
9,12,2,898,Kayden,Spinka,1986-1-9
11,3,2,1063,Faustino,Schamberger,1994-11-14
6,3,2,509,April,Williamson,1984-4-21
10,4,1,971,Cristina,DuBuque,1968-9-19
9,14,1,911,Roel,Flatley,1958-10-17
7,5,1,578,Magdalena,Cole,1986-2-23
8,3,1,718,Pat,Dach,1956-2-29
9,15,2,923,Kiana,Jenkins,1994-7-28
11,1,1,1042,Gene,West,1953-5-21
13,1,1,1170,Adelbert,Lockman,1991-10-11
1,4,1,4,Anthony,Armstrong,1957-4-9
1,7,2,35,Ramiro,Kohler,1973-9-6
14,5,2,1275,Reyes,Funk,1960-6-10
14,11,1,1334,Ellis,Roob,1951-9-18
2,9,2,138,Linnea,Blanda,1968-2-29
2,4,2,85,Elinor,Jakubowski,1999-4-29
9,13,2,909,Kristy,Orn,1963-12-9
9,12,1,893,Mandy,Howell,1985-11-9
14,6,1,1281,Marisa,Terry,1991-2-12
12,1,1,1133,Taryn,Predovic,1990-9-19
11,7,2,1083,Otto,Bergstrom,1955-6-8
14,11,2,1343,Howell,Moore,1956-9-27
11,3,2,1061,Sabina,Senger,1968-4-1
1,8,2,45,Gaston,Graham,1963-9-2
9,17,1,941,Brant,Halvorson,1970-12-28
3,11,2,292,Hallie,Schaefer,1974-8-6
9,6,1,832,Kara,Block,1974-2-5
4,4,1,390,Terrence,Effertz,1986-11-29
4,1,1,356,Maye,Bauch,1980-9-16
2,6,2,96,Brock,Rowe,1971-1-17
7,4,1,575,Jessie,Larkin,1977-6-24
14,4,1,1260,Carlie,Gerlach,1995-5-11
1,7,2,33,Kirsten,Reichel,1988-11-6
3,9,1,271,Roselyn,Jakubowski,1970-11-19
14,12,1,1360,Alene,Jacobi,1999-5-26
10,5,2,986,Newton,Volkman,1969-12-13
7,13,1,656,Soledad,Spencer,1993-12-31
3,5,1,230,Lucas,Emmerich,1977-9-29
14,8,2,1307,Lyla,Vandervort,1979-6-16
10,3,1,969,Vena,Conn,1985-3-6
9,11,1,877,Sally,Runolfsdottir,1960-10-6
11,11,1,1121,Caroline,Smitham,1979-8-4
9,1,1,792,Litzy,Tromp,1972-8-22
7,10,2,631,Reynold,Dare,1991-4-14
10,7,2,1011,Beverly,McLaughlin,1999-8-20
1,6,1,18,Jaylen,Cole,1975-10-6
2,13,1,182,Delia,Strosin,1968-11-29
8,9,1,764,Lavina,Koch,1993-9-16
2,4,2,87,Marvin,Lehner,1956-11-1
10,2,1,956,Prince,Schroeder,1979-5-9
2,9,1,129,Emmie,Auer,1969-6-19
8,5,2,743,Antoinette,Legros,1986-5-17
9,7,1,847,Murphy,Jenkins,1955-12-2
11,11,2,1124,Quinton,Romaguera,1973-12-28
12,3,2,1166,Martine,Stanton,1977-3-1
8,4,2,737,Nova,Sporer,1993-4-5
3,13,1,314,Gilberto,Kuhic,1970-4-17
10,1,2,948,Faye,Wisoky,1958-12-11
7,12,2,650,Aleen,O'Connell,1987-9-21
10,5,1,975,Sandrine,Hegmann,1980-6-27
4,3,1,379,Shanna,Mann,1977-7-4
1,5,2,14,Eugenia,Nicolas,1976-5-5
13,2,1,1175,Heaven,Lang,1962-12-29
7,6,1,593,Hans,Fahey,1964-3-30
3,14,2,330,Alexa,Muller,1964-12-20
7,9,2,616,Elwyn,Russel,1966-5-21
10,2,1,953,Adolphus,Koch,1975-7-25
9,10,1,870,Rose,Walker,1950-6-15
3,3,2,212,Jairo,Smith,1980-11-5
8,11,1,781,Haylee,Stiedemann,1980-12-8
2,8,1,118,Alysson,Wisoky,1982-10-2
13,7,1,1217,Jace,Monahan,1995-12-10
14,5,2,1278,Danny,Kautzer,1967-12-30
1,6,2,26,Madyson,Bednar,1972-5-27
11,1,2,1047,Annalise,Lind,1982-7-23
1,5,2,13,Orlo,Wuckert,1991-2-14
9,15,2,924,Nicole,Balistreri,1950-10-5
7,6,2,596,Abigayle,Bogisich,1977-7-4
8,2,1,713,Malcolm,Spencer,1982-11-24
10,1,2,949,Eugene,Barrows,1983-7-30
6,6,2,546,Edward,Crist,1996-4-30
9,8,1,856,Percival,Bogan,1968-2-16
2,7,2,109,Gaetano,Rosenbaum,1979-1-30
14,11,2,1349,Eulalia,Nader,1958-4-18
1,8,1,37,Remington,Ratke,1988-11-15
7,15,1,687,Vada,Hansen,1960-10-13
4,3,2,387,Rogers,Larkin,1988-7-20
5,2,1,419,Arne,Ernser,1971-1-24
4,2,1,372,Orin,Quitzon,1995-1-26
11,9,2,1099,Roscoe,Collier,1990-6-1
13,7,1,1218,Chet,Wyman,1953-7-13
2,3,2,67,Aubree,Marvin,1979-6-6
3,15,1,337,Clare,Runolfsson,1969-9-9
14,11,2,1348,Urban,Hamill,1963-2-12
9,7,2,848,Hulda,Kautzer,1971-7-29
5,2,2,424,Neha,Jenkins,1961-8-22
3,4,1,214,Shawna,Boyle,1991-12-11
10,7,2,1012,Ivory,Davis,1987-5-16
11,8,1,1085,Esteban,Powlowski,1954-12-25
8,9,2,773,Dannie,Bogisich,1949-11-2
8,9,1,768,Aylin,Sporer,1990-12-30
2,2,1,59,Tianna,Kilback,1995-11-19
13,8,1,1226,Verla,Lehner,1969-4-14
2,12,1,169,Tina,Becker,1966-8-5
12,1,2,1142,Cassie,Littel,1956-10-4
5,3,1,430,Naomi,Stiedemann,1953-11-24
10,5,2,987,Deonte,Larson,1980-3-5
2,6,2,95,Odie,Halvorson,1992-11-5
2,13,1,181,Yolanda,Leannon,1996-3-2
10,5,1,980,Rachel,West,1978-3-24
8,10,2,777,Gladys,Lakin,1978-8-23
12,3,1,1156,Eugene,Farrell,1975-2-22
7,13,2,668,Ryley,Berge,1989-11-3
14,10,1,1324,Martine,Becker,1961-4-15
6,1,1,484,Greyson,Welch,1956-3-7
3,3,1,205,Cade,Hessel,1990-2-5
13,3,1,1188,Federico,Bins,1976-6-29
1,4,1,2,Lauren,Keeling,1969-12-27
2,10,1,144,Brandt,Torp,1960-8-1
10,2,1,951,Joey,Abernathy,1973-3-20
3,3,2,209,Alayna,Orn,1988-7-28
4,1,1,359,Jensen,Beier,1956-12-9
3,5,2,238,Victor,Murray,1983-6-3
2,11,2,167,Lauriane,Hodkiewicz,1952-2-25
9,13,1,906,Mayra,Heidenreich,1969-9-8
14,4,1,1257,Ova,Torp,1955-12-26
11,10,2,1111,Verla,Oberbrunner,1959-7-9
3,14,2,327,Brianne,Schoen,1975-7-29
7,1,2,559,Agustin,Pouros,1997-3-25
10,6,2,999,Earline,Becker,1964-1-22
13,2,1,1177,Genevieve,Kutch,1984-3-23
3,7,1,261,Gussie,Emmerich,1971-2-12
9,4,1,818,Louisa,Strosin,1953-8-16
10,5,2,985,Okey,Fisher,1960-12-2
2,13,1,179,Aylin,Kshlerin,1967-10-21
10,3,1,966,Sonya,Hagenes,1977-5-13
14,11,1,1338,Murl,Boehm,1986-2-4
7,5,2,581,Jamie,Aufderhar,1990-12-28
2,12,1,168,Keegan,Collins,1978-8-24
7,13,1,657,Connor,Kessler,1981-7-1
11,8,2,1091,Lauren,Hoeger,1958-1-1
10,4,1,970,Martina,Greenholt,1978-10-20
5,8,1,472,Clinton,Maggio,1968-5-31
9,14,1,917,Esther,Nitzsche,1989-7-24
2,10,1,142,Rashad,Ortiz,1950-3-5
4,3,2,385,Jacky,Crona,1989-6-18
12,2,1,1149,Neoma,Schamberger,1981-3-23
2,7,1,105,Giovanni,Wuckert,1989-4-28
14,4,1,1256,Zackary,Jaskolski,1961-11-14
13,4,1,1197,Sally,Stokes,1975-3-29
5,1,1,404,Terrence,Purdy,1969-6-15
7,14,1,672,Margret,Bradtke,1984-1-24
7,6,2,602,Maureen,Stark,1994-12-16
9,16,1,931,Heather,Goyette,1951-7-10
9,11,1,881,Rosario,Kohler,1969-3-24
2,6,2,98,Gerry,Daugherty,1986-6-22
2,7,2,111,Destany,Jacobs,1981-7-31
9,15,1,922,Caitlyn,Nikolaus,1949-12-16
14,5,1,1265,Fanny,Sawayn,1956-6-30
7,10,1,624,Vincenzo,Kozey,1975-10-20
7,4,1,574,Ciara,Prosacco,1958-11-14
5,7,1,465,Chandler,Borer,1957-3-12
10,6,2,998,Kraig,Ortiz,1953-8-6
5,1,1,405,Waldo,Swaniawski,1951-7-30
7,10,2,635,Jeramy,Kiehn,1981-4-10
2,8,1,119,Dedrick,Yundt,1973-2-26
2,2,1,63,Eugene,Kuhlman,1960-8-11
9,9,2,863,Dedrick,Conn,1965-5-11
14,5,1,1270,Susie,Labadie,1957-10-27
9,3,1,802,Ora,Mohr,1956-1-17
10,5,1,981,Delphine,Lindgren,1980-11-22
3,17,1,352,Chanel,Dare,1980-5-19
2,4,1,78,Shany,Kessler,1983-10-12
2,11,2,162,Loyal,Mertz,1964-11-21
8,10,1,775,Hettie,Kris,1969-1-21
14,1,1,1238,Jon,Pagac,1973-1-16
8,4,1,728,Katrina,Kovacek,1962-5-29
3,12,1,304,Jaime,Barrows,1968-2-25
14,11,1,1337,Casey,Gibson,1988-10-15
12,1,2,1140,Melany,Blanda,1978-1-11
5,2,1,415,Nelda,Hartmann,1973-8-30
10,6,1,990,Nelle,Gislason,1988-2-15
3,12,1,306,Gunnar,Hartmann,1977-7-6
11,6,1,1080,Hoyt,Nikolaus,1987-4-21
8,2,1,712,Dale,Wehner,1993-7-10
7,15,1,683,Liana,Schoen,1976-10-27
9,8,1,851,Emery,Nader,1999-7-12
14,5,1,1266,Deborah,Moore,1961-10-1
1,8,2,48,Maximilian,Huel,1995-11-10
10,9,1,1032,Adelle,Zboncak,1949-12-2
14,12,2,1369,Rhea,Ratke,1975-6-11
7,14,1,671,Trevor,Aufderhar,1967-6-3
2,7,2,112,Laila,Dare,1955-8-31
11,11,1,1116,Joanne,Moen,1969-5-16
9,17,1,944,Rafaela,Grant,1985-11-5
6,3,2,507,Connor,Mohr,1993-11-29
14,6,1,1286,Otha,Bergstrom,1973-1-5
2,6,1,91,Christelle,Champlin,1963-6-9
14,11,1,1333,Devan,Beatty,1991-4-4
3,15,1,336,Keira,Yundt,1979-6-20
5,2,1,412,Damon,Stanton,1950-3-1
9,4,2,821,Ashly,Hammes,1992-2-4
7,10,1,623,Dolores,Crona,1995-2-24
7,14,1,673,Ocie,Rempel,1988-4-9
4,3,2,384,Ramon,Von,1993-2-23
3,6,2,249,Isabella,Mills,1952-1-1
2,12,2,174,Gerald,Hauck,1953-9-16
2,12,2,177,Vinnie,Greenfelder,1978-7-25
3,7,1,257,Merl,Altenwerth,1953-4-13
9,4,1,819,Cooper,Pfeffer,1953-4-11
5,2,1,414,Deion,Lueilwitz,1966-8-17
2,8,1,120,Geovanni,Mosciski,1973-6-28
7,12,1,646,Kyleigh,Morissette,1965-3-16
9,12,1,890,Rusty,White,1963-1-28
3,8,1,269,Kacey,Terry,1991-8-4
3,15,1,340,Orville,Rutherford,1992-7-24
2,12,2,175,Perry,Kertzmann,1974-9-8
9,8,1,853,Barton,Nienow,1991-10-28
13,3,2,1195,Jade,Miller,1955-3-11
9,10,1,869,Oren,Schuppe,1987-9-25
9,11,1,880,Jaylin,Greenfelder,1997-12-19
11,9,2,1100,Jed,Hauck,1964-4-26
3,12,2,309,Ezekiel,Langosh,1961-6-22
4,1,2,366,Emmet,Mosciski,1996-8-18
7,13,2,670,Blaise,Cartwright,1963-6-3
2,9,1,131,Beau,Grimes,1998-11-20
9,6,2,841,Salvatore,Bayer,1986-1-29
12,1,2,1141,Meagan,Johnson,1972-1-23
6,3,1,499,Madisyn,Fahey,1985-4-24
6,4,1,514,Lilliana,Marquardt,1960-4-26
7,6,2,599,Alexys,Berge,1975-6-24
10,7,1,1010,Stanley,Will,1995-6-29
4,4,1,391,Marcelo,Gottlieb,1991-4-4
3,4,2,226,Macey,Emmerich,1963-3-15
14,12,1,1356,Calista,Cummerata,1978-2-20
14,9,2,1320,Elda,Hilpert,1976-10-1
14,10,1,1329,Fleta,Keeling,1971-3-11
4,4,1,393,Karina,Beier,1977-11-7
7,15,1,686,Jeanne,Schoen,1988-12-20
7,5,2,583,Taryn,Breitenberg,1961-6-6
3,1,1,188,Jack,Ernser,1970-10-25
10,8,1,1022,Jodie,Botsford,1980-3-26
13,8,1,1225,John,Bartoletti,1977-9-9
4,3,1,373,Isabella,Dooley,1969-8-5
3,6,1,247,Samir,Crooks,1972-12-28
5,7,2,469,Elvera,Turcotte,1954-12-27
2,7,2,115,Aliza,Beier,1996-1-19
9,16,1,930,Heath,Langosh,1968-5-14
6,5,2,530,Sidney,Luettgen,1954-8-11
6,2,1,487,Cristal,Swaniawski,1979-2-14
11,11,1,1115,Ludwig,Schuster,1995-11-13
2,2,1,58,Myrtie,Crona,1966-5-27
14,12,1,1357,Willa,Legros,1960-7-29
14,8,2,1304,Aglae,Lemke,1978-1-17
2,9,1,132,Demarco,Sauer,1981-8-29
7,5,2,582,Sophie,Weber,1958-5-24
6,3,1,492,Tiffany,Bogisich,1987-12-19
5,1,2,410,Jacques,Schowalter,1979-9-27
2,10,1,141,Kody,McKenzie,1992-11-24
8,5,2,741,Kamille,Crona,1988-11-30
4,1,1,357,Emelia,Mertz,1967-11-23
9,3,2,807,Vicenta,Lindgren,1967-9-7
3,10,1,278,Dorothea,Jast,1998-6-15
9,12,2,900,Una,Abernathy,1993-9-9
11,7,1,1082,Mazie,Dooley,1971-5-22
5,6,2,455,Novella,Cronin,1998-3-9
9,3,2,810,Aiden,Pagac,1971-4-13
1,6,2,28,Nyasia,Block,1963-9-12
7,1,1,547,Jevon,Wuckert,1982-11-6
5,7,1,460,Emmett,Ledner,1986-7-18
5,6,1,445,Antone,Zemlak,1962-6-5
13,3,2,1191,Camryn,Koelpin,1997-7-22
11,11,1,1119,Lew,O'Kon,1967-9-27
9,1,1,790,Leone,Ortiz,1971-6-25
7,9,2,617,Jerad,Zulauf,1967-2-5
1,8,1,39,Caleb,Hintz,1976-2-5
9,16,1,926,Alivia,Osinski,1967-1-11
8,2,1,711,Benny,Quigley,1951-4-11
9,5,1,824,Drew,Bartoletti,1989-10-9
2,12,1,171,Queen,Gottlieb,1990-5-17
3,11,2,298,Lincoln,Leffler,1960-8-8
9,5,1,825,Jasen,Raynor,1980-10-28
3,6,2,252,Caitlyn,Sawayn,1950-4-22
7,8,1,611,Roel,Ward,1967-11-9
11,4,2,1073,Orlando,Schiller,1975-3-29
10,8,1,1020,Kaia,Koepp,1963-12-26
8,5,1,739,Vallie,Hauck,1969-10-2
11,1,2,1046,Jany,Huel,1983-8-21
2,10,1,145,Arvilla,Pollich,1951-3-7
14,10,1,1325,Cecilia,Predovic,1972-7-9
11,3,2,1067,Allen,Braun,1989-1-13
3,1,1,192,Daphne,Kuvalis,1996-1-2
7,12,2,653,Evans,Hilpert,1985-7-20
7,12,1,645,Connor,Stracke,1976-6-24
5,3,1,431,Major,Beier,1982-5-17
9,8,1,858,Agustina,Larson,1950-4-8
7,6,2,600,Domenick,Strosin,1965-2-7
9,4,1,816,Vivianne,Macejkovic,1949-12-25
8,3,1,717,Elizabeth,Gerhold,1976-12-27
10,2,1,959,Lyda,Goodwin,1992-4-20
8,7,1,756,Collin,Parisian,1978-1-27
11,8,2,1089,Pascale,Collins,1989-5-25
10,2,1,952,Alec,Schimmel,1995-2-14
3,10,1,283,Aurelio,Schowalter,1957-3-5
9,7,2,849,Yvette,Hane,1971-9-13
10,2,2,963,Shyanne,Ernser,1990-5-13
9,13,2,907,Amelie,Hegmann,1977-3-8
8,8,1,762,Nick,Weimann,1967-1-24
14,7,1,1287,Peter,Marks,1955-2-9
3,5,1,232,Corrine,Weber,1996-1-29
10,3,1,968,Macy,Russel,1958-8-13
11,1,2,1048,Lukas,Davis,1978-8-11
6,2,1,490,Dahlia,Turcotte,1984-7-31
2,6,1,94,Jarrell,Crona,1962-8-19
6,5,2,525,Lonzo,Ortiz,1985-11-2
3,2,1,199,Kyle,Hegmann,1993-6-3
5,5,1,443,Dannie,Bogisich,1952-7-4
5,2,2,422,Otha,Berge,1998-3-4
13,3,2,1196,Drake,Gerhold,1992-12-22
3,10,1,276,Daniella,Sawayn,1963-10-24
10,1,1,945,Mandy,Kling,1979-1-7
3,6,2,251,Virginie,Thiel,1975-10-28
8,3,1,723,Hobart,Larkin,1954-10-23
14,3,1,1252,William,Keebler,1980-3-12
10,5,1,976,Celine,Schiller,1954-8-24
14,4,1,1262,Ike,Hermiston,1991-9-10
12,2,1,1154,Lane,Wyman,1965-10-25
7,1,2,557,Fernando,O'Reilly,1971-6-20
8,10,1,774,Dariana,Medhurst,1986-12-30
12,1,1,1132,Dixie,Pfannerstill,1986-1-21
2,13,1,184,Callie,Hermiston,1983-4-29
10,8,1,1016,Sammie,Haag,1960-8-20
9,7,1,843,Kristy,Wisozk,1994-12-12
3,11,1,285,Jannie,Mohr,1953-11-26
2,11,1,154,Marisol,Bartoletti,1991-10-4
14,8,1,1297,Tianna,Barton,1972-5-12
1,8,2,43,Adriana,Bernhard,1990-3-5
8,4,2,736,Wilford,Reichert,1959-10-19
5,1,2,409,Mossie,Pfeffer,1957-11-13
6,6,1,533,Michel,Cole,1999-1-30
5,2,1,413,Simeon,Eichmann,1980-10-1
4,4,1,392,Gordon,Nader,1958-1-9
9,1,1,793,Freddy,Koss,1954-2-15
8,4,2,738,Antonina,Cartwright,1987-10-17
10,7,1,1003,Zoie,Pouros,1961-11-18
14,11,2,1350,Dillan,Eichmann,1962-1-11
8,2,1,710,Fiona,Treutel,1952-10-16
10,2,2,962,Shemar,Mraz,1986-5-7
8,9,1,770,Jazmyne,Kovacek,1991-7-19
3,3,1,206,Leonardo,Rutherford,1970-8-2
9,13,1,903,Lauretta,Gottlieb,1998-8-1
11,3,2,1064,Hollis,Jakubowski,1970-3-26
6,5,1,522,Mavis,Koss,1994-5-9
3,14,2,328,Sylvan,Metz,1959-7-17
12,3,2,1167,Crystal,Koss,1967-12-11
8,2,1,714,Cassandre,Wuckert,1977-1-6
13,5,1,1203,Aracely,Haley,1983-1-1
6,6,1,537,Estell,Cormier,1971-3-24
1,6,1,24,Eulah,Blick,1978-6-21
3,9,2,274,Adelia,Purdy,1951-1-15
7,4,1,571,Gussie,Crooks,1985-12-21
13,3,2,1192,Joanie,Hettinger,1975-6-22
3,14,2,331,Alexandrine,Bayer,1957-7-31
2,11,2,159,Corene,Gaylord,1958-1-28
7,11,1,639,Terence,Dickinson,1992-1-23
6,3,2,504,Shanny,Larkin,1955-6-25
3,15,1,342,Perry,Ritchie,1986-4-9
14,10,1,1327,Jordyn,Ortiz,1994-1-11
5,4,1,435,Enoch,Eichmann,1980-10-17
4,1,1,355,Gregorio,Watsica,1963-5-29
11,3,1,1053,Vicente,Herman,1956-10-23
14,12,1,1358,Leta,Terry,1970-3-27
14,3,1,1251,Elsie,Rolfson,1962-2-10
5,1,1,401,Kory,Rutherford,1964-10-16
11,10,1,1102,Laurence,Wolf,1998-2-18
5,1,2,406,Corrine,McCullough,1965-6-20
14,12,1,1359,Aimee,Corkery,1987-8-10
3,12,1,303,Reina,Russel,1952-9-8
5,5,1,444,Mackenzie,Bruen,1989-8-19
1,8,2,47,Tamia,Rogahn,1949-12-24
2,11,2,163,Laverne,Abbott,1988-7-5
3,11,2,293,Destini,Rolfson,1985-6-12
2,5,1,88,Dena,Flatley,1982-12-10
5,2,1,418,Karl,Nienow,1998-8-17
1,7,1,32,Alysa,Dickinson,1971-8-15
14,5,1,1264,Jocelyn,Ward,1954-6-4
5,5,1,440,Ransom,Cummings,1958-1-7
9,3,2,808,Tobin,Bruen,1967-6-19
3,5,2,240,Greg,Erdman,1980-2-23
13,2,1,1178,Kayli,Shanahan,1951-8-9
7,16,1,694,Georgianna,Weber,1996-7-11
2,11,2,158,Marlene,Raynor,1994-9-18
7,14,2,681,Belle,Heathcote,1964-1-28
9,12,1,894,Suzanne,Doyle,1972-6-27
7,1,1,550,Naomi,Herman,1950-6-19
1,5,2,12,Leonor,Parisian,1998-9-20
14,9,1,1314,Litzy,Littel,1966-7-26
9,13,1,902,Jacey,Moen,1990-4-29
10,3,1,965,Jammie,Keebler,1979-6-9
6,2,1,488,Kaley,King,1949-12-3
12,1,1,1137,Lavinia,Haag,1984-1-21
10,8,2,1027,Karlee,Blanda,1974-8-13
3,3,1,207,Wade,Stiedemann,1976-6-4
2,13,1,180,Carlee,Harber,1976-1-16
6,5,2,528,Jess,Reynolds,1959-7-10
9,12,1,891,Casandra,Thompson,1964-2-29
1,6,2,29,Amely,DuBuque,1961-8-2
10,6,2,995,Carmen,Corwin,1985-10-19
2,7,2,113,Linda,Zemlak,1996-6-2
9,3,1,801,Scot,Roob,1979-12-12
14,6,1,1285,Kendra,Jerde,1984-3-15
2,10,1,146,Rosetta,Balistreri,1982-10-27
3,2,1,195,Hosea,Altenwerth,1982-12-14
2,9,1,128,Renee,McGlynn,1983-12-3
11,1,1,1039,Trent,Hamill,1997-9-21
2,8,2,125,Giles,Pollich,1958-7-20
7,9,1,614,Hildegard,Heaney,1996-9-26
2,8,2,124,Lauryn,Hintz,1992-1-3
14,1,1,1243,Hardy,Pfeffer,1949-12-18
12,1,2,1146,Jasen,Nader,1992-8-24
6,6,2,544,Heaven,Schiller,1958-5-16
7,15,1,684,Delia,Lockman,1975-4-27
7,1,2,562,Marquis,Bosco,1984-10-31
13,3,2,1193,D'angelo,Kshlerin,1964-7-7
3,6,1,245,Jackson,Wiza,1999-6-1
14,7,2,1294,Clinton,Koch,1990-10-6
4,1,2,364,Clemmie,Borer,1994-5-28
9,10,2,875,Daron,Hackett,1953-12-22
2,1,1,54,Kolby,Schmidt,1969-3-8
11,11,1,1118,Pearl,Lehner,1954-11-9
7,15,2,691,Gerardo,Okuneva,1977-5-25
3,5,1,234,Alvera,Mitchell,1986-7-16
1,6,1,23,Maxime,Cummings,1965-10-8
11,4,2,1074,Dedric,Schulist,1955-3-6
5,2,1,411,Andre,Howell,1990-8-28
3,7,1,255,Kayla,Stokes,1967-4-8
7,9,2,621,Tiffany,White,1973-8-2
3,6,1,246,Chauncey,Dooley,1970-10-20
14,9,1,1311,Bridget,Ritchie,1967-5-26
6,6,2,543,Odie,Jenkins,1990-7-31
7,5,1,576,Orrin,Wiegand,1990-7-12
3,11,1,286,Wilmer,Dickens,1999-1-28
7,10,2,634,Isobel,Eichmann,1965-1-25
10,7,1,1004,Daniella,Rau,1972-10-21
5,4,1,438,Axel,Roberts,1994-12-13
9,6,2,839,Jaleel,Abbott,1989-6-4
6,2,1,486,Nannie,Reichel,1969-7-8
4,2,1,371,Zora,Jacobson,1975-8-15
3,16,1,345,Madge,Collins,1950-6-28
11,10,1,1104,Marcos,Huel,1962-8-31
2,9,2,136,Dominique,McClure,1978-6-10
7,6,1,589,Milford,Dibbert,1997-4-26
7,1,2,561,Ross,Hansen,1959-6-6
3,15,1,343,Jaylen,Heidenreich,1967-4-24
12,1,1,1134,Rebekah,Schmidt,1967-6-7
2,3,1,64,Dallas,DuBuque,1950-3-20
7,16,1,695,Paige,Lebsack,1986-10-29
7,6,1,591,Foster,Crist,1993-11-4
2,11,2,160,Odie,Grady,1980-8-6
7,13,2,667,Stone,Swaniawski,1985-6-22
11,9,1,1092,Lexie,Huels,1976-5-26
7,13,1,660,Minnie,Borer,1981-8-21
2,11,2,165,Marilie,Lang,1969-11-3
10,5,2,988,Solon,Oberbrunner,1956-7-28
14,5,2,1280,Kiera,Reinger,1995-5-10
7,10,2,629,Roel,Aufderhar,1988-7-27
2,8,2,122,Christine,Crist,1962-3-10
9,5,1,823,Cornelius,Schinner,1971-2-22
14,9,2,1315,Marty,Gottlieb,1979-12-15
11,1,2,1049,Austin,Morar,1984-3-31
7,11,1,637,Derek,Nienow,1972-11-15
2,8,2,126,Simone,VonRueden,1991-8-26
5,2,2,426,Tomas,Goodwin,1962-8-1
9,9,2,868,Lindsey,Koepp,1986-11-11
14,12,2,1365,Haleigh,Huel,1993-5-13
4,1,2,368,Noe,Treutel,1965-7-22
14,6,1,1284,Myra,Runolfsson,1996-10-14
6,3,1,491,Pietro,Spinka,1982-12-13
2,4,2,86,Edyth,Bruen,1967-10-2
3,8,1,263,Ashlee,Leffler,1973-1-4
13,7,1,1212,Don,Gerlach,1965-4-22
2,3,2,70,Junius,Ryan,1956-6-4
6,3,2,502,Macey,Mertz,1962-5-24
11,4,1,1070,Liliane,Stokes,1996-4-29
9,15,1,921,Jude,Mann,1988-7-2
1,8,1,38,Aleen,Johnson,1979-9-30
14,1,1,1236,Janae,Strosin,1977-7-14
7,11,1,643,Natalia,Boyer,1992-1-16
7,6,1,587,Rhea,Stanton,1966-12-9
3,5,1,231,Arturo,Huel,1950-7-13
3,14,2,329,Mariane,Ondricka,1998-2-23
3,4,1,218,Christopher,Kirlin,1986-1-21
4,1,1,360,Nyah,Bednar,1965-8-9
5,2,2,421,Bianka,McCullough,1962-7-17
5,2,2,425,Raymond,Konopelski,1974-12-4
14,5,2,1277,Lolita,Mueller,1953-9-8
8,9,2,772,Kelsi,Keeling,1997-8-21
10,8,2,1026,Major,Bauch,1960-6-27
8,10,2,778,Kennedi,Hilpert,1954-4-12
6,3,2,500,Monroe,Kihn,1990-1-19
5,6,2,458,Sasha,Schaefer,1964-5-10
13,6,1,1205,Tevin,Moen,1950-2-7
9,4,1,813,Rocky,Stanton,1985-11-24
8,6,1,749,Hazle,Lang,1971-9-20
11,9,2,1098,Francesca,Beahan,1981-3-2
11,10,2,1110,London,Johnston,1954-9-13
8,11,1,785,Leola,Hilpert,1952-8-2
1,5,1,10,Kathlyn,Sporer,1975-4-30
7,16,1,696,Jaiden,Gulgowski,1997-7-7
8,7,1,757,Hollis,D'Amore,1997-12-17
14,1,1,1235,Houston,Russel,1984-9-1
3,3,1,208,Shaniya,Berge,1983-2-23
9,7,2,850,Lauretta,Lind,1961-5-1
3,13,1,311,Adan,Champlin,1960-10-23
4,1,1,358,Billy,Hyatt,1980-9-9
3,5,2,242,Cyrus,Wolff,1987-4-10
6,6,2,540,Kobe,Schaden,1999-4-4
3,14,1,325,Shea,Gislason,1999-1-9
10,7,1,1002,Jarrett,Jacobson,1976-7-14
5,1,1,396,Izaiah,Eichmann,1998-1-6
1,8,2,42,Vernice,Lehner,1991-8-24
13,7,2,1222,Reynold,Stiedemann,1964-10-6
9,14,1,918,Pink,Heaney,1953-5-1
7,15,2,693,Zita,Ernser,1955-5-30
9,6,1,834,Marcellus,Casper,1992-6-23
8,5,2,746,Armando,Fahey,1993-4-20
3,10,1,280,Precious,Stamm,1985-3-25
8,4,1,733,Oswald,Dooley,1986-1-13
10,9,1,1031,Maurine,Block,1977-8-27
9,9,1,861,Sabrina,Stark,1959-8-8
9,17,1,943,Issac,Frami,1987-12-31
2,6,1,93,Deonte,Casper,1959-11-9
2,11,2,161,Marquis,Bernhard,1953-10-6
2,6,1,92,Shad,Lemke,1959-2-5
7,15,1,688,Seamus,Hand,1951-6-24
1,8,2,46,Shaylee,Dooley,1977-6-17
8,3,1,722,Pietro,Goyette,1988-3-30
10,8,2,1025,Ken,Anderson,1988-10-1
4,3,1,376,Sydni,Ankunding,1974-3-9
10,5,2,984,Dashawn,Gleichner,1984-6-3
14,2,1,1244,Graciela,Ondricka,1956-1-1
11,2,1,1051,Maximus,O'Keefe,1951-12-20
2,3,2,74,Rey,Stamm,1957-9-8
13,3,1,1189,Cielo,Romaguera,1997-12-9
9,7,1,846,Adolphus,Stehr,1965-8-5
11,4,1,1068,Lawrence,Rosenbaum,1995-1-12
8,11,1,789,Reymundo,Kihn,1990-12-9
6,6,2,545,Uriah,Orn,1991-5-11
9,12,1,889,Vivianne,VonRueden,1985-5-14
1,6,2,25,Gabrielle,Tremblay,1973-3-24
7,6,2,601,Jovanny,Mitchell,1991-5-13
9,8,1,854,Nathan,Hamill,1968-2-19
11,3,2,1066,Alejandrin,Gerlach,1997-2-26
2,3,2,73,Moises,Heller,1953-6-16
11,7,1,1081,Meredith,Hessel,1984-11-2
8,4,2,735,Muriel,DuBuque,1982-12-27
12,3,2,1163,Giovanni,Koelpin,1961-3-14
7,7,1,606,Janelle,O'Reilly,1978-12-4
5,5,1,439,Jack,Olson,1957-3-3
1,4,1,6,Yesenia,Gerlach,1958-1-9
9,16,1,925,Gillian,Towne,1998-8-22
5,1,2,408,Catherine,Langosh,1952-7-19
2,8,2,123,Mckenna,White,1979-11-6
4,4,2,395,Patience,Corwin,1983-1-21
7,11,1,640,Emie,Gusikowski,1993-5-14
10,8,1,1018,Viva,Howe,1976-11-17
11,1,1,1038,Hailie,Ullrich,1967-5-24
5,6,1,448,Genevieve,Nader,1959-1-22
2,11,1,155,Jennings,Funk,1952-4-4
13,4,2,1200,Emery,Schmitt,1991-8-28
10,2,2,961,Willie,Gulgowski,1979-9-8
10,6,1,992,Angela,Schinner,1957-8-12
7,13,2,666,Velma,Jacobson,1951-11-2
11,11,2,1125,Katelin,Koepp,1977-6-12
2,6,1,90,Yasmin,Rice,1988-2-21
5,1,2,407,Orie,Feil,1956-7-23
7,1,2,560,Fletcher,Bins,1950-4-17
11,11,2,1127,Myah,Skiles,1974-6-8
11,10,2,1108,Edgardo,Legros,1975-10-29
14,5,1,1269,Donnell,Morar,1989-3-11
14,8,1,1301,Effie,Ernser,1950-5-25
3,7,1,256,Jimmie,Mohr,1999-2-4
14,4,1,1255,Jameson,McGlynn,1967-1-16
9,1,1,791,Janis,Altenwerth,1983-4-11
9,6,1,831,Beryl,Ebert,1978-9-1
11,11,1,1117,Salvatore,Turner,1989-1-13
14,6,1,1282,Benjamin,Kautzer,1984-11-7
3,13,1,312,Jerrod,Langosh,1953-3-22
6,3,2,503,Peyton,Schumm,1959-6-6
7,10,2,636,Kaya,Powlowski,1974-3-16
9,3,1,800,Rafael,Stracke,1985-2-27
9,5,1,826,Lesley,Hodkiewicz,1992-1-30
2,9,1,133,Newton,Weissnat,1982-5-4
7,13,1,659,Bernadine,Kuhlman,1986-3-26
7,11,1,638,Jordyn,Beatty,1976-2-12
5,6,1,449,Moses,Stehr,1954-4-27
3,4,2,221,Monserrate,Hane,1980-1-18
8,2,1,709,Mellie,Padberg,1988-5-4
9,3,1,803,Sydnie,Hahn,1991-12-29
7,5,2,580,Dallas,Jacobson,1956-1-5
3,12,1,302,Arjun,Mann,1969-4-22
14,5,2,1279,Danika,Kunze,1988-9-18
3,2,2,200,Maymie,Hayes,1951-8-10
9,12,2,897,Felicia,Effertz,1968-11-16
10,6,1,994,Vaughn,Hudson,1962-9-28
8,8,1,759,Adell,McDermott,1986-7-6
10,6,2,1000,Joe,Harvey,1968-12-1
3,14,2,332,Yesenia,Schaefer,1982-4-7
2,2,1,61,Mia,Christiansen,1971-6-29
5,2,1,416,Adolphus,Wolff,1992-8-2
11,7,2,1084,Kirk,Okuneva,1959-12-23
8,6,1,751,Brandi,Kshlerin,1955-3-16
10,9,2,1035,Hope,Batz,1987-4-1
8,5,2,744,Jevon,Kiehn,1983-3-5
7,2,1,564,Ceasar,Will,1961-9-30
9,6,1,830,Mackenzie,Kemmer,1966-9-24
3,8,1,262,Agustina,Reinger,1969-5-15
6,4,1,513,Cyrus,Witting,1976-2-20
2,3,2,75,Vilma,West,1969-11-4
2,9,2,135,David,Marquardt,1977-2-12
1,6,1,22,Karl,Ernser,1961-4-6
10,9,1,1030,Garnet,Hegmann,1986-10-20
7,3,1,568,Cassandre,Steuber,1983-11-14
2,12,2,176,Rollin,Flatley,1958-10-17
7,11,1,641,Dasia,Ruecker,1951-10-18
7,7,1,609,Bessie,Beer,1973-2-20
11,8,1,1086,Stefan,Feest,1950-8-2
2,6,2,97,Allison,Leannon,1968-4-23
2,3,1,65,Isaiah,Mueller,1979-9-29
3,4,2,225,Remington,Botsford,1979-5-16
3,13,1,317,Tiffany,Yundt,1959-2-22
9,6,2,838,Cletus,Sanford,1995-7-14
5,8,2,480,Harmon,Rice,1985-3-9
13,3,1,1185,Eusebio,Gislason,1958-4-6
3,11,1,290,Regan,Schmidt,1955-5-4
14,4,1,1258,Esperanza,Hodkiewicz,1956-3-23
8,11,1,784,Alec,Wolf,1999-10-7
7,4,1,572,Virginie,Lindgren,1951-7-12
6,3,2,508,Jessyca,Beahan,1962-6-14
5,6,2,459,Mariane,Feest,1997-11-20
13,7,2,1221,Minnie,Tremblay,1983-4-17
9,6,2,840,Alvena,Marks,1955-5-11
3,8,1,264,Kelsie,Hyatt,1984-1-7
2,3,1,66,Johnny,Cummings,1968-1-28
9,2,1,794,Vickie,Labadie,1987-9-14
2,13,1,186,Kathleen,Weissnat,1994-12-17
11,3,1,1059,Chyna,Mosciski,1985-7-21
14,9,1,1310,Brian,Dietrich,1963-10-9
4,3,1,382,Domenick,Johns,1989-4-5
6,4,1,510,Jennyfer,Hessel,1957-12-31
7,6,2,603,Kolby,Schmitt,1977-1-4
3,7,1,259,Summer,Bashirian,1981-9-16
11,8,1,1087,Suzanne,Rolfson,1996-4-1
8,3,1,721,Samanta,Turcotte,1980-12-12
11,10,1,1101,Bailee,Reinger,1950-5-25
8,2,1,716,Danny,Price,1997-6-4
11,3,2,1062,Arlene,Gutkowski,1999-1-4
11,8,2,1088,Kelsie,Thompson,1990-11-26
14,1,1,1239,Sandy,Stokes,1982-11-23
12,1,2,1144,Solon,Lesch,1976-3-10
9,10,1,874,Yazmin,Senger,1956-11-2
7,9,2,620,Liliana,Steuber,1960-9-14
13,4,1,1198,Enrico,Muller,1973-5-7
5,2,1,417,Easter,Kreiger,1990-4-8
9,8,1,852,Eino,Halvorson,1976-6-24
10,8,2,1024,Tessie,Grant,1980-3-22
3,5,2,236,Eladio,Morissette,1989-12-19
3,11,1,284,Lorenza,Spinka,1952-11-5
7,11,1,644,Ella,Bruen,1959-5-5
2,9,2,137,Oral,Hansen,1984-11-6
5,8,2,479,Tremaine,Murphy,1971-7-25
10,2,2,960,Madelyn,Keebler,1972-11-20
10,7,1,1006,Zoila,Leannon,1992-4-10
9,6,1,829,Frederic,Christiansen,1965-7-15
14,11,1,1341,Justine,Heidenreich,1967-10-20
12,2,1,1147,Werner,Rolfson,1962-4-26
9,12,1,886,Malachi,Murphy,1961-10-8
2,13,1,185,Gardner,Crist,1957-8-29
5,8,1,473,Cruz,Rolfson,1953-1-30
7,13,2,669,Alessia,Kutch,1969-12-25
6,1,1,481,June,Aufderhar,1976-8-17
3,1,1,189,Wilfred,McClure,1951-10-22
5,8,1,478,Tiara,Bailey,1975-10-26
9,2,1,795,Romaine,Konopelski,1989-11-20
10,6,2,997,Ora,Bauch,1981-11-16
3,11,2,294,Heber,Kozey,1972-4-25
14,5,1,1271,Clemens,Morissette,1958-1-8
3,14,1,323,Alanna,Marquardt,1997-10-29
7,12,1,647,Josue,O'Conner,1990-2-26
5,6,1,452,Madison,Lindgren,1997-6-6
11,11,2,1130,Ottis,Kautzer,1988-11-19
7,6,1,588,Roscoe,Gorczany,1992-1-17
6,5,2,526,Valentina,Rau,1969-11-28
10,3,1,967,Candelario,Gleason,1972-9-9
3,12,1,300,Hugh,Medhurst,1960-12-13
12,1,1,1138,Carolyne,Ullrich,1976-2-1
6,6,1,534,Lucinda,Klein,1988-11-30
10,5,1,977,Edgar,Kutch,1987-11-13
8,6,1,748,Corrine,Ondricka,1972-9-15
11,11,1,1122,Felix,Bins,1957-5-7
10,7,2,1013,Buddy,Kertzmann,1997-7-18
4,3,2,388,Margarette,Kling,1956-12-22
13,8,2,1231,Loy,Kuhic,1985-2-9
2,7,2,110,Chadrick,Bernier,1966-1-12
11,1,2,1044,Brigitte,Barton,1962-6-16
8,7,1,754,Germaine,Jaskolski,1970-3-22
2,7,2,116,Frances,Bernier,1959-11-30
3,14,1,320,Eldred,Gorczany,1957-2-9
13,7,2,1220,Dortha,Crist,1973-9-16
3,14,1,322,Milan,Brown,1957-6-17
3,16,1,347,Piper,Murazik,1963-10-29
13,8,1,1224,Annamarie,Kiehn,1956-3-7
6,3,2,505,Arjun,Ritchie,1994-2-28
14,9,1,1309,Desmond,Frami,1963-7-31
1,6,1,19,Kamron,Carroll,1976-5-13
12,3,2,1162,Dane,Stracke,1953-7-5
14,3,1,1250,Brycen,Paucek,1985-10-11
2,7,2,108,Andrew,Morissette,1973-5-8
2,4,1,80,Gus,Armstrong,1950-2-22
14,5,2,1272,Justyn,Renner,1979-11-14
8,5,1,740,Laurianne,Altenwerth,1998-3-3
6,5,2,527,Burnice,Feest,1967-1-30
8,2,1,715,Isai,Jacobson,1980-9-27
8,1,1,706,Eva,Wyman,1953-12-21
14,7,1,1289,Triston,Ferry,1963-8-9
1,8,2,41,Coralie,Price,1997-3-13
7,11,1,642,Oleta,Fadel,1984-1-29
7,1,1,551,Juliana,Kiehn,1988-4-5
3,8,1,270,Sadye,Green,1971-10-29
2,10,1,148,Rico,Zboncak,1989-12-2
10,9,1,1029,Eloisa,Abshire,1981-8-18
3,10,1,279,Camilla,Purdy,1970-12-5
7,2,1,563,Tamara,Langworth,1960-3-13
10,1,1,946,Jose,Mann,1986-7-17
5,6,1,451,Robin,Beatty,1995-11-4
10,5,1,982,Lupe,Swift,1974-8-20
2,11,2,166,Nolan,Olson,1957-2-4
2,7,1,107,Isaac,Breitenberg,1956-3-10
8,1,1,704,Jefferey,Buckridge,1971-8-3
6,5,1,521,Taylor,Denesik,1982-3-11
4,1,1,361,Mark,Dickinson,1973-11-28
14,7,2,1295,Jess,Wiegand,1968-1-2
8,7,1,755,Violette,Predovic,1961-10-8
9,4,1,815,Alene,Reichel,1985-8-7
7,12,2,655,Maximus,Botsford,1998-6-24
8,4,1,724,Nichole,Heaney,1993-7-12
14,6,1,1283,Pauline,Cummings,1997-12-18
3,11,1,287,Lenore,Bernhard,1960-2-9
2,3,2,71,Gardner,Hilll,1996-3-17
6,5,1,524,Jana,Lynch,1976-6-9
3,1,1,191,Lonzo,Donnelly,1955-4-2
3,3,2,211,Vena,Schimmel,1954-9-28
4,3,1,378,Aniyah,Simonis,1953-9-30
1,8,1,36,Elizabeth,Harris,1964-9-16
11,6,1,1079,Kristofer,Block,1994-11-25
14,3,1,1253,Rico,Mayer,1966-5-27
13,8,2,1230,Demarco,Hegmann,1957-8-27
4,3,1,375,Alysha,Mayert,1952-3-12
2,2,1,60,Paxton,Cummerata,1988-6-13
2,5,1,89,Lily,Leffler,1980-3-18
5,7,2,471,Sydnee,Padberg,1991-11-23
6,4,1,518,Freeman,Mohr,1960-12-6
9,11,1,878,Joey,Rolfson,1999-5-12
6,6,1,538,Logan,Feest,1967-11-24
13,2,1,1181,Aurelia,Smith,1986-11-8
13,5,1,1201,Sadye,Streich,1978-9-21
11,11,2,1123,Brooks,Gislason,1973-7-11
14,11,1,1336,Kiera,Huel,1967-1-4
6,4,1,511,Bailey,Sanford,1958-5-3
9,8,1,855,Karley,Dicki,1974-9-15
3,2,2,201,Stephen,Schmitt,1952-8-14
10,7,1,1009,Hailie,O'Reilly,1998-7-12
1,4,1,5,Shaniya,Marks,1961-11-30
3,13,1,315,Dalton,Tromp,1994-10-28
3,11,2,295,Alessia,Kunde,1965-11-5
6,6,2,542,Mossie,Rolfson,1987-8-19
5,4,1,434,Gia,Lang,1964-4-28
8,4,1,732,Gisselle,Nienow,1953-6-7
4,1,1,353,Preston,Hills,1956-7-2
3,12,2,310,Magali,Cummings,1983-7-31
3,2,2,202,Hershel,Wyman,1991-12-31
8,11,1,782,Osvaldo,Reynolds,1955-11-17
3,9,2,273,Jeanie,McLaughlin,1978-2-6
3,4,1,217,Jacky,Romaguera,1958-6-16
9,6,1,833,Ernest,D'Amore,1968-2-6
2,9,1,127,Maeve,Beatty,1991-3-8
2,11,2,164,Jed,Heathcote,1992-11-11
11,8,2,1090,Germaine,Mann,1959-4-21
14,3,1,1247,Annamae,Howell,1961-10-27
5,3,1,427,Jensen,DuBuque,1980-7-30
7,10,2,633,Martine,Pollich,1952-6-7
2,3,2,69,Loma,Prohaska,1977-7-9
3,3,1,203,Golda,Schroeder,1981-6-10
2,4,2,84,Jamie,Boehm,1999-3-30
11,10,2,1106,Wyatt,O'Keefe,1961-8-13
9,17,1,938,Cleveland,Gorczany,1983-6-15
13,7,1,1210,Ford,Auer,1960-9-13
14,12,2,1370,Brionna,Stehr,1976-3-30
8,10,2,780,Katlynn,Gislason,1999-4-1
5,5,1,442,Theodore,Nicolas,1974-10-10
10,4,2,972,Rashad,Jaskolski,1954-9-12
11,9,2,1095,Frankie,Hilpert,1976-12-3
14,11,1,1340,Evangeline,Cronin,1953-12-21
2,1,1,52,Judd,Von,1952-8-1
4,1,2,365,Jeff,Stroman,1976-9-18
7,13,2,665,Rafael,Howe,1982-2-27
7,8,1,613,Emiliano,Schumm,1958-9-30
7,1,2,556,Urban,Crooks,1993-5-12
3,13,1,318,Gianni,Gleason,1980-1-28
12,1,1,1135,Elyssa,Block,1956-6-25
11,1,2,1045,Kathlyn,Cronin,1980-5-11
9,13,2,908,Brenna,Davis,1977-12-7
11,11,1,1114,Hilda,Collins,1975-5-24
8,4,2,734,Charlie,Gorczany,1950-11-2
14,9,1,1312,Luciano,Bergstrom,1967-12-18
7,15,1,685,Heber,Mosciski,1984-1-3
13,7,1,1215,Craig,Beatty,1980-11-21
10,9,2,1034,Geovanny,Trantow,1981-11-1
9,4,1,817,Ezequiel,Upton,1950-10-8
13,7,1,1211,Novella,Bauch,1965-1-19
6,3,1,496,Irma,Hintz,1954-12-30
14,10,1,1330,Stella,Leuschke,1953-10-19
10,4,2,973,Neva,Bahringer,1957-8-28
1,7,1,30,Addie,Cronin,1980-12-31
6,6,1,532,Leopoldo,Johnston,1979-4-16
7,13,1,663,Gladys,Gutmann,1983-10-28
13,8,2,1229,Maya,Robel,1985-11-9
3,4,1,216,Hardy,Swift,1964-1-8
10,5,1,978,Kylee,Fritsch,1994-4-18
5,1,1,398,Alana,Strosin,1972-8-17
2,7,1,100,Matt,Deckow,1953-11-16
14,12,1,1352,Frank,Kozey,1995-9-10
7,16,1,699,Hayley,Parker,1983-6-12
11,3,2,1065,Cecil,Becker,1964-5-19
13,2,2,1182,Lacey,Swaniawski,1996-2-7
7,2,1,565,Ruthe,Mayer,1994-7-6
5,6,1,447,Jedediah,Boyer,1957-8-3
3,5,2,237,Rosalee,Torphy,1982-7-11
10,2,1,955,Chaz,O'Kon,1976-12-13
3,11,1,288,Abdiel,Haley,1997-9-22
3,11,1,291,Yazmin,Wehner,1995-4-7
3,6,2,253,Maximillia,O'Connell,1999-8-4
13,3,2,1194,Gilberto,O'Hara,1976-11-23
9,10,1,871,Nasir,Little,1972-3-23
3,7,1,258,Gladyce,Adams,1952-11-8
13,7,2,1219,Stephen,Johnston,1955-2-21
2,4,1,81,Rossie,O'Keefe,1950-3-14
9,16,1,928,Violette,Mayer,1979-8-13
11,11,1,1120,Luigi,Paucek,1998-6-21
13,8,2,1233,Horacio,Cartwright,1983-11-13
8,6,1,750,Alvis,Jast,1993-11-30
1,8,2,49,Henry,Green,1966-8-30
14,10,1,1322,Arnold,Fadel,1975-5-22
8,11,1,786,Braeden,Weimann,1967-2-7
7,12,2,654,Fabiola,Kunze,1992-10-13
8,2,1,708,Kenneth,Jacobson,1966-2-17
11,3,1,1055,Veronica,Haag,1953-2-3
11,1,1,1040,Madaline,Hoppe,1987-10-17
3,5,1,228,Owen,Beier,1967-7-10
13,6,1,1206,Yadira,Smitham,1976-10-9
7,13,1,661,Marcella,Kunze,1961-2-18
11,11,2,1129,Cheyenne,Keeling,1998-5-5
5,1,1,399,Perry,Kilback,1955-9-1
2,4,2,82,Julie,Runte,1971-4-3
6,2,1,485,Jacques,Cronin,1972-4-6
9,14,1,910,Reid,Lynch,1960-3-9
6,3,2,506,Syble,Bode,1997-11-24
14,8,2,1303,Oral,Nader,1958-3-25
11,3,2,1060,Alexane,Harvey,1956-12-4
11,9,2,1094,Florida,Bartell,1979-4-1
7,6,1,590,Nicolette,Funk,1957-6-10
1,7,2,34,Carlotta,Reichert,1962-5-20
3,17,1,351,Jameson,Powlowski,1986-4-13
1,4,1,8,Kellen,Zboncak,1960-3-3
14,11,1,1335,Zoe,Simonis,1979-11-3
7,5,2,584,Adam,Jenkins,1972-9-28
10,2,1,957,Cruz,Beier,1973-7-17
8,11,1,787,Kaylin,Gleason,1990-10-6
14,12,2,1368,Adeline,Pouros,1957-3-6
9,11,1,884,Noemie,Kozey,1990-6-19
8,10,2,779,Cheyanne,Schimmel,1952-1-25
7,6,2,595,Alyson,Batz,1996-5-9
8,6,1,747,Keagan,Roberts,1990-5-25
6,4,1,516,Delphia,Murphy,1969-1-8
9,12,2,895,Ona,Bogisich,1996-3-6
2,11,1,150,Logan,McClure,1953-10-15
7,14,2,677,Bell,Lind,1958-6-13
14,5,1,1268,Paul,Mosciski,1956-3-22
3,3,1,204,Myrl,Bergnaum,1959-10-19
14,1,1,1241,Janessa,Jerde,1974-6-19
7,10,1,627,Eloisa,Kozey,1979-7-11
9,11,1,885,Duncan,Osinski,1958-5-23
14,11,2,1351,Tierra,O'Reilly,1994-1-30
3,5,1,233,Maida,Kuhn,1989-5-24
9,14,1,916,Magdalena,Larkin,1981-12-25
7,1,1,552,Tillman,McGlynn,1973-9-20
1,8,1,40,Lilian,Collier,1958-8-11
8,2,1,707,Chaim,Konopelski,1969-7-25
4,3,2,383,Isaiah,Greenholt,1996-4-18
9,9,1,860,Cary,Corkery,1954-12-23
7,6,1,585,Melissa,Schaden,1956-5-11
9,3,1,799,Jayden,Swaniawski,1981-6-12
9,4,1,814,Tamara,Ward,1951-1-7
9,16,1,927,Nikko,Yost,1985-12-14
13,2,1,1179,Hal,Flatley,1954-7-9
11,6,1,1077,Raymond,McCullough,1956-8-30
9,3,2,804,Webster,Lang,1987-7-13
14,12,1,1355,Ashton,Cronin,1954-11-13
10,5,2,983,Napoleon,Shanahan,1985-7-1
5,2,2,423,Jovanny,Hills,1995-1-10
5,5,1,441,Tomas,Haag,1977-3-3
10,6,2,996,Katelynn,Sanford,1994-11-23
5,4,1,436,Efren,Schneider,1974-2-11
11,3,1,1054,Ashley,Yundt,1998-3-13
9,7,1,845,Claudia,Cassin,1986-8-6
3,11,1,289,Myles,Harber,1977-4-21
6,6,2,541,Werner,Wilkinson,1952-8-28
14,8,1,1300,Roman,Tremblay,1964-9-8
9,14,1,919,Everardo,Schoen,1979-7-1
7,16,1,697,Nola,Auer,1961-5-21
9,12,1,887,Andreanne,Kunze,1986-8-10
9,3,2,806,Emely,Morissette,1976-10-31
9,12,2,896,Norma,Goyette,1989-6-17
3,14,2,335,Reva,Glover,1951-11-20
9,7,1,844,Bobbie,Mitchell,1986-3-8
13,8,1,1227,Beau,Fisher,1992-5-20
11,10,1,1105,Reinhold,Schmitt,1994-12-29
9,5,1,822,Cali,Cummings,1998-6-2
7,12,1,648,Victoria,Thiel,1986-11-18
13,7,1,1216,Francesca,Dach,1952-8-22
9,13,1,905,Sadye,Wuckert,1992-9-8
10,7,1,1007,Sierra,Funk,1984-1-23
5,7,1,463,Crystal,Denesik,1981-4-3
3,6,2,254,Pearl,Kozey,1992-7-27
10,8,1,1021,Scot,Ebert,1993-5-28
4,2,1,370,Ronny,Nitzsche,1993-8-1
9,3,1,796,Astrid,Wolf,1973-10-15
7,9,2,618,Houston,Stehr,1975-5-13
13,1,1,1171,Janiya,White,1964-2-27
9,16,1,929,Darrick,Hickle,1963-7-1
14,10,1,1328,Liliane,King,1953-3-31
8,9,1,771,Ophelia,Runolfsdottir,1967-1-24
8,4,1,729,Efrain,Ritchie,1974-8-15
14,3,1,1248,Ramon,Boyle,1997-11-6
14,12,2,1367,Delia,Frami,1961-12-11
7,4,1,573,Elinore,Klein,1963-7-1
9,3,2,812,Jaclyn,Wilderman,1984-12-10
13,3,1,1184,Aidan,Daugherty,1986-10-8
12,2,1,1150,Wyman,Mraz,1984-8-8
10,9,2,1037,Holly,Lockman,1976-1-8
10,9,2,1036,Santiago,Kozey,1999-3-30
6,3,2,501,Archibald,Quigley,1982-11-2
14,2,1,1246,Cortez,Sporer,1988-10-18
14,3,1,1254,Matilda,Marvin,1975-9-26
10,8,1,1023,Louisa,Harris,1970-5-29
13,6,1,1207,Bryce,Waters,1960-9-13
14,4,1,1259,Linnie,Cole,1954-2-25
7,5,1,577,Ellie,Abbott,1985-9-19
6,5,1,520,Peyton,Grimes,1983-8-16
6,3,1,493,Gudrun,Stroman,1987-2-25
13,6,2,1209,Ruby,Lockman,1958-7-1
5,1,1,397,Lloyd,Pfannerstill,1999-3-2
3,11,2,297,Oscar,Nikolaus,1996-4-27
3,8,1,265,Bonnie,Kohler,1958-4-21
3,3,2,213,Lukas,Dickens,1953-3-18
7,3,1,567,Vita,Walsh,1968-11-2
7,7,1,608,Clifford,Rogahn,1986-9-21
5,2,2,420,Sophie,Leuschke,1959-8-29
5,6,2,454,Felicia,Schinner,1988-12-28
3,14,1,324,Eileen,Altenwerth,1982-10-2
13,5,1,1204,Andreane,Jakubowski,1974-3-17
3,10,1,282,Katelyn,Frami,1968-10-27
9,17,1,937,Joannie,Wolff,1971-5-26
3,15,1,344,Vergie,Walker,1997-1-27
5,6,2,457,Aubrey,Jakubowski,1971-2-5
4,3,1,374,Nellie,Denesik,1975-1-28
3,8,1,266,Oswald,Von,1989-12-24
2,7,1,103,Malcolm,Mraz,1995-1-3
14,11,2,1346,Claudia,Senger,1982-10-27
3,16,2,350,Erika,Walker,1987-1-3
3,15,1,341,Marge,Hansen,1959-4-12
2,9,1,130,Ruthie,Flatley,1952-5-18
2,7,1,99,Onie,Olson,1978-2-8
2,1,1,53,Paolo,Cremin,1997-1-11
14,9,2,1319,Dejon,Rath,1968-5-8
6,5,1,523,Mikel,Hintz,1966-7-23
3,12,2,307,Ashly,White,1988-10-31
5,8,1,477,Marilie,Kub,1954-1-4
7,12,2,652,Conner,Gutmann,1999-3-12
3,9,1,272,Leif,Ruecker,1990-5-2
14,3,1,1249,Maud,Hayes,1955-12-11
14,12,1,1354,Winifred,Grant,1994-6-27
7,14,1,675,Queen,Johnston,1994-5-28
10,9,1,1033,Shanny,Fadel,1992-10-3
2,3,2,68,Ruthie,MacGyver,1970-1-2
9,10,2,876,Richmond,Kub,1981-9-25
14,11,2,1344,Abraham,Hoeger,1983-10-25
4,1,1,362,Assunta,Kovacek,1979-1-25
7,15,2,689,Guillermo,Schoen,1950-1-9
3,6,2,250,Ardith,Renner,1977-3-18
5,7,1,462,Jalyn,Rau,1983-5-3
12,1,2,1143,Fiona,Kautzer,1981-1-25
9,3,2,809,Kiara,White,1977-10-7
2,3,2,72,Devante,Schowalter,1957-7-16
14,7,2,1293,Jefferey,Schultz,1984-7-1
3,14,1,326,Wilhelmine,Runolfsdottir,1966-3-14
7,10,1,626,Emilia,Reynolds,1987-2-9
2,11,1,157,Orie,Huels,1996-1-16
11,11,2,1128,Lori,Schowalter,1954-9-12
14,10,1,1323,Floy,Beahan,1972-9-18
9,8,1,857,Jeramie,Terry,1986-8-21
4,3,1,381,Juana,Gusikowski,1961-8-27
14,9,2,1316,Cecilia,Pfannerstill,1954-6-13
11,5,1,1076,Hope,Bernhard,1974-1-5
8,4,1,725,Ellen,Lockman,1960-1-7
9,12,1,892,Hulda,Kessler,1997-12-14
7,14,2,682,Giovanna,Schimmel,1988-8-8
7,1,2,558,Stephany,Klein,1982-7-30
7,14,2,679,Hester,Lockman,1979-5-27
7,1,1,554,Tyrese,Berge,1970-1-14
7,1,1,549,Mateo,Wehner,1960-6-20
3,1,1,194,Sabrina,DuBuque,1963-2-15
2,4,2,83,Howard,Predovic,1995-11-3
3,4,2,223,Nichole,Kris,1978-12-30
9,3,2,811,Elroy,Pagac,1952-5-31
14,12,2,1362,Lily,Berge,1956-3-8
12,2,1,1152,Cicero,Olson,1992-2-25
6,5,2,531,Dayton,Sauer,1979-5-20
2,8,1,121,Marlen,Dietrich,1993-2-9
6,5,1,519,Caterina,Jones,1994-11-13
7,9,2,619,Alden,Gleichner,1959-6-12
3,5,2,241,Callie,Runolfsdottir,1990-8-18
7,1,2,555,Amanda,Ledner,1966-5-14
2,7,2,114,Nella,Marquardt,1985-2-14
9,9,2,867,Reese,Roberts,1954-9-5
3,11,2,296,Marcel,Borer,1957-6-22
10,8,1,1015,Madie,Rosenbaum,1981-6-30
1,6,1,16,Aurelio,Carroll,1957-4-6
3,12,2,308,Ted,Mertz,1952-11-26
13,3,1,1187,Ariane,Hintz,1970-11-7
13,7,1,1213,Keanu,Cremin,1955-9-8
7,15,2,690,Breana,Rogahn,1967-9-9
2,4,1,79,Adella,Waelchi,1985-7-11
7,13,1,662,Lessie,Block,1988-7-27
12,1,1,1139,Mustafa,Bednar,1991-7-8
2,1,1,55,Florencio,Ondricka,1992-10-27
6,1,1,482,Zoey,Weissnat,1959-12-10
9,6,1,837,Berta,Pfannerstill,1958-12-27
8,3,1,720,Thora,Thompson,1951-7-18
7,16,1,703,Kelli,O'Conner,1951-9-4
8,9,1,766,Maria,Schmitt,1981-2-12
5,7,1,468,Bernadette,Rippin,1991-7-29
7,6,1,592,Dayna,Lowe,1989-9-18
7,16,1,701,Sasha,Fahey,1976-10-14
11,10,2,1109,Jessie,Mraz,1980-5-22
14,8,2,1306,Natasha,O'Hara,1971-6-29
13,2,1,1176,Danielle,Koss,1952-3-18
14,8,1,1296,Fletcher,Greenfelder,1961-8-29
1,6,2,27,Ernestina,Ortiz,1965-10-12
14,12,2,1363,Marilie,Rippin,1996-8-29
6,3,1,495,Pearl,Stamm,1986-9-10
9,14,1,915,Darwin,Lakin,1978-11-2
8,11,1,783,Brad,Goyette,1958-1-14
3,15,1,338,Xavier,Hackett,1980-3-13
12,1,1,1136,Scotty,Graham,1983-3-6
9,9,1,862,Ima,MacGyver,1997-2-4
1,6,1,21,Lambert,Goodwin,1963-5-3
3,12,1,299,Domenico,Zulauf,1952-10-26
9,17,1,940,Jewell,O'Reilly,1985-6-6
3,4,2,222,Jordane,Armstrong,1952-9-13
7,16,1,702,Fannie,Herman,1981-5-10
7,1,1,553,Daniela,Koepp,1966-6-25
9,17,1,936,Granville,Wuckert,1991-9-12
14,8,1,1302,Myriam,Hilpert,1989-6-16
13,2,1,1172,Ervin,Turner,1955-5-13
3,14,2,334,Eliezer,Heathcote,1973-12-16
7,10,2,628,Maudie,O'Conner,1966-7-20
3,13,1,313,Abdullah,Jast,1979-7-17
9,11,1,882,Heaven,Spencer,1984-9-14
11,11,2,1131,Lindsay,Langworth,1969-12-11
2,12,2,178,Colton,Hoeger,1971-6-14
1,4,1,9,Jimmie,Carter,1988-12-16
8,4,1,727,Bonita,Hahn,1987-11-22
3,5,2,239,Alia,Lindgren,1994-9-15
11,4,1,1069,Shaniya,Kovacek,1985-10-31
11,10,1,1103,Brendon,Yost,1980-3-24
13,6,2,1208,Veronica,Hodkiewicz,1992-9-1
8,3,1,719,Bennett,Marks,1986-1-4
8,8,1,761,Alexanne,Parker,1958-9-17
9,6,1,836,Tony,Hirthe,1987-6-10
4,1,1,354,Josefina,Koss,1982-9-9
3,6,1,244,Orie,Pacocha,1983-12-21
2,7,1,106,Tate,Armstrong,1980-3-1
5,6,2,453,Shirley,Batz,1956-12-15
14,8,2,1305,Tyrell,Anderson,1960-4-12
5,8,1,474,Ebba,Lehner,1979-8-19
5,7,1,464,Vernice,Runolfsdottir,1978-6-16
8,4,1,726,Eulalia,Ortiz,1979-4-27
7,5,1,579,Sarai,McClure,1999-1-26
9,3,1,798,Lucious,Torp,1980-11-29
6,3,1,497,Mackenzie,McLaughlin,1953-5-19
10,7,1,1005,Chadrick,Pfeffer,1966-5-5
3,7,1,260,Casimer,Hyatt,1987-10-16
2,3,2,76,Madisen,Kling,1983-3-12
12,3,1,1158,Deontae,Crist,1986-6-20
8,7,1,758,Makenzie,Walter,1964-2-17
6,4,1,517,Orin,Senger,1995-8-16
7,14,2,678,Geovanny,Kub,1972-10-9
9,9,2,866,Stanton,Paucek,1977-10-20
2,11,1,152,Ruthe,Stamm,1990-8-22
8,9,1,763,Armani,West,1996-10-20
7,13,1,658,Leora,Schuppe,1972-5-18
7,9,1,615,Dorris,MacGyver,1996-2-27
3,9,2,275,Reyes,Pollich,1975-3-27
12,2,1,1148,Noemie,Murphy,1970-4-14
12,2,1,1151,Briana,Zboncak,1957-7-3
3,4,2,220,Casandra,Lynch,1981-10-9
1,8,2,44,Antonia,Sawayn,1997-6-27
5,7,1,466,Wilma,Moen,1954-6-12
5,1,1,403,Marley,Moore,1958-9-9
6,6,2,539,Kane,McCullough,1998-2-13
5,6,2,456,Burnice,Collier,1993-12-27
3,13,1,319,Linnie,Kuphal,1967-3-19
5,7,1,467,Gilberto,Erdman,1956-8-18
7,10,1,625,Eulalia,Rosenbaum,1954-5-25
3,1,1,190,Ora,Crona,1990-10-31
4,4,1,389,Esmeralda,Kiehn,1981-3-1
11,11,1,1113,Kasandra,Dicki,1984-1-15
13,5,1,1202,Margarett,Rolfson,1991-2-23
12,3,2,1160,Weston,Johns,1954-7-29
9,11,1,879,Marilou,Roberts,1993-3-29
9,11,1,883,Brooke,Hirthe,1992-12-29
7,15,2,692,Conrad,Goldner,1986-11-22
14,11,1,1332,Gussie,Grimes,1985-12-30
9,10,1,873,Jeanie,Stracke,1993-4-3
9,14,1,914,Sasha,West,1992-6-13
5,4,1,437,Duane,Jones,1952-10-12
3,3,2,210,Nicolas,Moore,1994-8-5
6,3,1,494,Jaqueline,Gorczany,1991-10-8
13,2,1,1180,Rosella,VonRueden,1960-6-20
11,6,1,1078,Godfrey,Schuppe,1993-8-8
8,9,1,769,Josh,Lind,1969-10-18
8,10,2,776,Zechariah,Cassin,1992-7-5
14,12,2,1364,Dereck,Mueller,1983-10-27
7,6,1,586,Deshaun,Romaguera,1992-5-6
3,8,1,268,Trycia,Wisoky,1958-12-10
7,7,1,604,Edwardo,Kulas,1990-7-5
9,6,1,828,Sandy,Dare,1998-5-28
14,8,1,1299,Adolf,Goyette,1986-2-4
4,1,2,363,Rosalee,Kuphal,1981-9-1
9,7,1,842,Jerald,Bergnaum,1986-10-1
14,8,1,1298,Graciela,Miller,1959-4-22
11,2,1,1050,Zoey,Brown,1992-6-6
9,6,1,835,Mckenzie,Bernier,1949-11-3
10,8,2,1028,Vita,Bogan,1980-3-16
3,4,2,224,Olen,Pfeffer,1996-4-24
11,9,2,1097,Amy,Zieme,1962-12-21
14,12,1,1353,Rebekah,Cassin,1984-3-3
9,14,1,912,Joana,Stiedemann,1999-4-9
2,4,1,77,Winfield,Collier,1972-1-29
2,2,1,62,Myra,Bogan,1990-3-19
2,11,1,151,Maxine,Bartoletti,1994-8-3
13,1,1,1169,Millie,Gerlach,1961-7-2
2,10,1,140,Bo,Kiehn,1987-9-11
7,14,2,676,Leann,Lang,1959-7-25
14,9,2,1321,Melyssa,Stanton,1989-10-1
3,10,1,281,Merritt,Effertz,1960-7-6
6,4,1,512,Isabella,MacGyver,1999-10-9
3,14,2,333,Alyce,Hand,1955-7-15
10,3,1,964,Eldridge,Dooley,1978-4-25
4,1,2,367,Schuyler,Ziemann,1965-3-27
1,6,1,17,Verda,Runolfsson,1958-4-30
10,1,2,947,Kaya,Luettgen,1959-8-4
12,3,2,1168,Cale,Johns,1983-4-30
14,12,1,1361,Camila,Strosin,1961-2-10
9,10,1,872,Yoshiko,MacGyver,1994-5-14
3,5,1,235,Josue,Kessler,1961-1-9
8,7,1,753,Justen,Gutkowski,1969-10-22
